date,time,heartRate
2020-09-01,12:57,100
2020-09-01,12:58,100
2020-09-01,12:59,100
2020-09-01,13:00,100
2020-09-01,13:01,100
2020-09-01,13:02,100
2020-09-01,13:03,100
2020-09-01,13:04,100
2020-09-01,13:05,100
2020-09-01,13:06,100
2020-09-01,13:07,100
2020-09-01,13:08,100
2020-09-01,13:09,100
2020-09-01,13:10,100
2020-09-01,13:11,100
2020-09-01,13:12,100
2020-09-01,13:13,100
2020-09-01,13:14,100
2020-09-01,13:15,100
2020-09-01,13:16,100
2020-09-01,13:17,100
2020-09-01,13:18,100
2020-09-01,13:19,100
2020-09-01,13:20,100
2020-09-01,13:21,100
2020-09-01,13:22,100
2020-09-01,13:23,100
2020-09-01,13:24,100
2020-09-01,13:25,100
2020-09-01,13:26,100
2020-09-01,13:27,100
2020-09-01,13:28,100
2020-09-01,13:29,100
2020-09-01,13:30,100
2020-09-01,13:31,100
2020-09-01,13:32,100
2020-09-01,13:33,100
2020-09-01,13:34,100
2020-09-01,13:35,100
2020-09-01,13:36,100
2020-09-01,13:37,100
2020-09-01,13:38,100
2020-09-01,13:39,100
2020-09-01,13:40,100
2020-09-01,13:41,100
2020-09-01,13:42,100
2020-09-01,13:43,100
2020-09-01,13:44,100
2020-09-01,13:45,100
2020-09-01,13:46,100
2020-09-01,13:47,100
2020-09-01,13:48,100
2020-09-01,13:49,100
2020-09-01,13:50,100
2020-09-01,13:51,100
2020-09-01,18:12,89
2020-09-01,18:13,89
2020-09-01,18:14,89
2020-09-01,18:15,89
2020-09-01,18:16,89
2020-09-01,18:17,89
2020-09-01,18:18,89
2020-09-01,18:19,89
2020-09-01,18:20,89
2020-09-01,18:21,89
2020-09-01,18:22,89
2020-09-01,18:23,89
2020-09-01,18:24,89
2020-09-01,18:25,89
2020-09-01,18:26,89
2020-09-01,18:27,89
2020-09-01,18:28,89
2020-09-01,18:29,89
2020-09-01,18:30,89
2020-09-01,18:31,89
2020-09-01,18:32,89
2020-09-01,18:33,89
2020-09-01,18:34,89
2020-09-01,18:35,89
2020-09-01,18:36,89
2020-09-01,18:37,89
2020-09-01,18:38,89
2020-09-01,18:39,89
2020-09-01,18:40,89
2020-09-01,18:41,89
2020-09-01,18:42,89
2020-09-01,18:43,89
2020-09-01,18:44,89
2020-09-01,18:45,89
2020-09-01,18:46,89
2020-09-01,18:47,89
2020-09-01,18:48,89
2020-09-01,18:49,89
2020-09-01,18:50,89
2020-09-01,18:51,89
2020-09-01,18:52,89
2020-09-01,18:53,89
2020-09-01,18:54,89
2020-09-01,18:55,89
2020-09-01,18:56,89
2020-09-01,18:57,89
2020-09-01,18:58,89
2020-09-01,18:59,89
2020-09-01,19:00,89
2020-09-01,19:01,89
2020-09-01,19:02,89
2020-09-01,19:03,89
2020-09-01,19:04,89
2020-09-01,19:05,89
2020-09-01,19:06,89
2020-09-01,19:07,89
2020-09-01,19:08,89
2020-09-01,19:09,89
2020-09-01,19:10,89
2020-09-01,19:11,89
2020-09-01,19:12,89
2020-09-01,19:13,89
2020-09-01,19:14,89
2020-09-01,19:15,89
2020-09-01,19:16,89
2020-09-01,19:17,89
2020-09-01,19:18,89
2020-09-01,19:19,89
2020-09-01,19:20,89
2020-09-05,12:57,87
2020-09-05,12:58,87
2020-09-05,12:59,87
2020-09-05,13:00,87
2020-09-05,13:01,87
2020-09-05,13:02,87
2020-09-05,13:03,87
2020-09-05,13:04,87
2020-09-05,13:05,87
2020-09-05,13:06,87
2020-09-05,13:07,87
2020-09-05,13:08,87
2020-09-05,13:09,87
2020-09-05,13:10,87
2020-09-05,13:11,87
2020-09-05,13:12,87
2020-09-05,13:13,87
2020-09-05,13:14,87
2020-09-05,13:15,87
2020-09-05,13:16,87
2020-09-05,13:17,87
2020-09-05,13:18,87
2020-09-05,13:19,87
2020-09-05,13:20,87
2020-09-05,13:21,87
2020-09-05,13:22,87
2020-09-05,13:23,87
2020-09-05,13:24,87
2020-09-05,13:25,87
2020-09-05,13:26,87
2020-09-05,13:27,87
2020-09-05,13:28,87
2020-09-05,13:29,87
2020-09-05,13:30,87
2020-09-05,13:31,87
2020-09-05,13:32,87
2020-09-05,13:33,87
2020-09-05,13:34,87
2020-09-05,13:35,87
2020-09-05,13:36,87
2020-09-05,13:37,87
2020-09-05,13:38,87
2020-09-05,13:39,87
2020-09-05,13:40,87
2020-09-05,13:41,87
2020-09-05,13:42,87
2020-09-05,13:43,87
2020-09-05,13:44,87
2020-09-05,13:45,87
2020-09-05,13:46,87
2020-09-05,13:47,87
2020-09-05,13:48,87
2020-09-05,13:49,87
2020-09-05,13:50,87
2020-09-05,13:51,87
2020-09-05,13:52,87
2020-09-05,13:53,87
2020-09-05,13:54,87
2020-09-05,13:55,87
2020-09-05,13:56,87
2020-09-05,13:57,87
2020-09-05,13:58,87
2020-09-05,13:59,87
2020-09-05,14:00,87
2020-09-05,14:01,87
2020-09-05,14:02,87
2020-09-05,14:03,87
2020-09-05,14:04,87
2020-09-05,14:05,87
2020-09-05,14:06,87
2020-09-05,14:07,87
2020-09-05,14:08,87
2020-09-05,14:09,87
2020-09-05,14:10,87
2020-09-05,14:11,87
2020-09-05,14:12,87
2020-09-05,14:13,87
2020-09-05,14:14,87
2020-09-05,14:15,87
2020-09-05,14:16,87
2020-09-05,14:17,87
2020-09-05,14:18,87
2020-09-05,14:19,87
2020-09-05,14:20,87
2020-09-05,14:21,87
2020-09-05,14:22,87
2020-09-05,14:23,87
2020-09-05,14:24,87
2020-09-06,15:15,103
2020-09-06,16:09,87
2020-09-10,19:12,80
2020-09-10,19:13,80
2020-09-10,19:14,80
2020-09-10,19:15,80
2020-09-10,19:16,80
2020-09-10,19:17,80
2020-09-10,19:18,80
2020-09-10,19:19,80
2020-09-10,19:20,80
2020-09-10,19:21,80
2020-09-10,19:22,80
2020-09-10,19:23,80
2020-09-10,19:24,80
2020-09-10,19:25,80
2020-09-10,19:26,80
2020-09-10,19:27,80
2020-09-10,19:28,80
2020-09-10,19:29,80
2020-09-10,19:30,80
2020-09-10,19:31,80
2020-09-10,19:32,80
2020-09-10,19:33,80
2020-09-10,19:34,80
2020-09-10,19:35,80
2020-09-10,19:36,80
2020-09-10,19:37,80
2020-09-10,19:38,80
2020-09-10,19:39,80
2020-09-10,19:40,80
2020-09-10,19:41,80
2020-09-10,19:42,80
2020-09-10,19:43,80
2020-09-10,19:44,80
2020-09-10,19:45,80
2020-09-10,19:46,80
2020-09-10,19:47,80
2020-09-10,19:48,80
2020-09-10,19:49,80
2020-09-10,19:50,80
2020-09-10,19:51,80
2020-09-10,19:52,80
2020-09-10,19:53,80
2020-09-10,19:54,80
2020-09-10,19:55,80
2020-09-10,19:56,80
2020-09-10,19:57,80
2020-09-10,19:58,80
2020-09-10,19:59,80
2020-09-10,20:00,80
2020-09-10,20:01,80
2020-09-10,20:02,80
2020-09-10,20:03,80
2020-09-10,20:04,80
2020-09-10,20:05,80
2020-09-10,20:06,80
2020-09-10,20:07,80
2020-09-10,20:08,80
2020-09-10,20:09,80
2020-09-10,20:10,80
2020-09-10,20:11,80
2020-09-10,20:12,80
2020-09-10,20:13,80
2020-09-10,20:14,80
2020-09-10,20:15,80
2020-09-10,20:16,80
2020-09-10,20:17,80
2020-09-10,20:18,80
2020-09-10,20:19,80
2020-09-10,20:20,80
2020-09-10,20:21,80
2020-09-10,20:22,80
2020-09-10,20:23,80
2020-09-10,20:24,80
2020-09-10,20:25,80
2020-09-10,20:26,80
2020-09-10,20:27,80
2020-09-10,20:28,80
2020-09-10,20:29,80
2020-09-10,20:30,80
2020-09-10,20:31,80
2020-09-10,20:32,80
2020-09-10,20:33,80
2020-09-10,20:34,80
2020-09-10,20:35,80
2020-09-10,20:36,80
2020-09-10,20:37,80
2020-09-10,20:38,80
2020-09-10,20:39,80
2020-09-10,20:40,80
2020-09-10,20:41,80
2020-09-10,20:42,80
2020-09-10,20:43,80
2020-09-10,20:44,80
2020-09-10,20:45,80
2020-09-10,20:46,80
2020-09-10,20:47,80
2020-09-10,20:48,80
2020-09-10,20:49,80
2020-09-10,20:50,80
2020-09-10,20:51,80
2020-09-10,20:52,80
2020-09-10,20:53,80
2020-09-10,20:54,80
2020-09-10,20:55,80
2020-09-10,20:56,80
2020-09-10,20:57,80
2020-09-10,20:58,80
2020-09-10,20:59,80
2020-09-10,21:00,80
2020-09-10,21:01,80
2020-09-10,21:02,80
2020-09-10,21:03,80
2020-09-10,21:04,80
2020-09-10,21:05,80
2020-09-10,21:06,80
2020-09-10,21:07,80
2020-09-10,21:08,80
2020-09-10,21:09,80
2020-09-10,21:10,80
2020-09-10,21:11,80
2020-09-10,21:12,80
2020-09-10,21:13,80
2020-09-10,21:14,80
2020-09-10,21:15,80
2020-09-10,21:16,80
2020-09-10,21:17,80
2020-09-10,21:18,80
2020-09-11,17:27,91
2020-09-11,17:28,91
2020-09-11,17:29,91
2020-09-11,17:30,91
2020-09-11,17:31,91
2020-09-11,17:32,91
2020-09-11,17:33,91
2020-09-11,17:34,91
2020-09-11,17:35,91
2020-09-11,17:36,91
2020-09-11,17:37,91
2020-09-11,17:38,91
2020-09-11,17:39,91
2020-09-11,17:40,91
2020-09-11,17:41,91
2020-09-11,17:42,91
2020-09-11,17:43,91
2020-09-11,17:44,91
2020-09-11,17:45,91
2020-09-11,17:46,91
2020-09-11,17:47,91
2020-09-11,17:48,91
2020-09-11,17:49,91
2020-09-11,17:50,91
2020-09-11,17:51,91
2020-09-11,17:52,91
2020-09-11,17:53,91
2020-09-11,17:54,91
2020-09-11,17:55,91
2020-09-11,17:56,91
2020-09-11,17:57,91
2020-09-11,17:58,91
2020-09-11,17:59,91
2020-09-11,18:00,91
2020-09-11,18:01,91
2020-09-11,18:02,91
2020-09-11,18:03,91
2020-09-11,18:04,91
2020-09-11,18:05,91
2020-09-11,18:06,91
2020-09-11,18:07,91
2020-09-11,18:08,91
2020-09-11,18:09,91
2020-09-11,18:10,91
2020-09-11,18:11,91
2020-09-11,18:12,91
2020-09-11,18:13,91
2020-09-11,18:14,91
2020-09-11,18:15,91
2020-09-11,18:16,91
2020-09-11,18:17,91
2020-09-11,18:18,91
2020-09-11,18:19,91
2020-09-11,18:20,91
2020-09-11,18:21,91
2020-09-11,18:22,91
2020-09-11,18:23,91
2020-09-11,18:24,91
2020-09-11,18:25,91
2020-09-11,18:26,91
2020-09-11,18:27,91
2020-09-11,18:28,91
2020-09-11,18:29,91
2020-09-11,18:30,91
2020-09-11,18:31,91
2020-09-11,18:32,91
2020-09-11,18:33,91
2020-09-11,18:34,91
2020-09-11,18:35,91
2020-09-11,18:36,91
2020-09-11,18:37,91
2020-09-11,18:38,91
2020-09-11,18:39,91
2020-09-11,18:40,91
2020-09-11,18:41,91
2020-09-11,18:42,91
2020-09-11,18:43,91
2020-09-11,18:44,91
2020-09-11,18:45,91
2020-09-11,18:46,91
2020-09-11,18:47,91
2020-09-11,18:48,91
2020-09-11,18:49,91
2020-09-11,18:50,91
2020-09-11,18:51,91
2020-09-11,18:52,91
2020-09-11,18:53,91
2020-09-11,18:54,91
2020-09-11,18:55,91
2020-09-11,18:56,91
2020-09-11,18:57,91
2020-09-11,18:58,91
2020-09-11,18:59,91
2020-09-11,19:00,91
2020-09-11,19:01,91
2020-09-11,19:02,91
2020-09-11,19:03,91
2020-09-11,19:04,91
2020-09-11,19:05,91
2020-09-11,19:06,91
2020-09-11,19:07,91
2020-09-11,19:08,91
2020-09-11,19:09,91
2020-09-11,19:10,91
2020-09-11,19:11,91
2020-09-11,19:12,91
2020-09-11,19:13,91
2020-09-11,19:14,91
2020-09-11,19:15,91
2020-09-11,19:16,91
2020-09-11,19:17,91
2020-09-11,19:18,91
2020-09-11,19:19,91
2020-09-11,19:20,91
2020-09-11,19:21,91
2020-09-11,19:22,91
2020-09-11,19:23,91
2020-09-11,19:24,91
2020-09-11,19:25,91
2020-09-11,19:26,91
2020-09-11,19:27,91
2020-09-11,19:28,91
2020-09-11,19:29,91
2020-09-11,19:30,91
2020-09-11,19:31,91
2020-09-11,19:32,91
2020-09-11,19:33,91
2020-09-11,19:34,91
2020-09-11,19:35,91
2020-09-11,19:36,91
2020-09-11,19:37,91
2020-09-11,19:38,91
2020-09-11,19:39,91
2020-09-11,19:40,91
2020-09-11,19:41,91
2020-09-11,19:42,91
2020-09-11,19:43,91
2020-09-11,19:44,91
2020-09-11,19:45,91
2020-09-11,19:46,91
2020-09-11,19:47,91
2020-09-11,19:48,91
2020-09-11,19:49,91
2020-09-11,19:50,91
2020-09-11,19:51,91
2020-09-11,19:52,91
2020-09-11,19:53,91
2020-09-11,19:54,91
2020-09-11,19:55,91
2020-09-11,19:56,91
2020-09-11,19:57,91
2020-09-11,19:58,91
2020-09-11,19:59,91
2020-09-11,20:00,91
2020-09-11,20:01,91
2020-09-11,20:02,91
2020-09-11,20:03,91
2020-09-11,20:04,91
2020-09-11,20:05,91
2020-09-11,20:06,91
2020-09-11,20:07,91
2020-09-11,20:08,91
2020-09-11,20:09,91
2020-09-11,20:10,91
2020-09-11,20:11,91
2020-09-11,20:12,91
2020-09-11,20:13,91
2020-09-11,20:14,91
2020-09-11,20:15,91
2020-09-11,20:16,91
2020-09-11,20:17,91
2020-09-11,20:18,91
2020-09-11,20:19,91
2020-09-11,20:20,91
2020-09-11,20:21,91
2020-09-11,20:22,91
2020-09-12,17:16,70
2020-09-12,17:22,72
2020-09-12,18:25,107
2020-09-13,15:14,72
2020-09-13,15:15,72
2020-09-13,15:16,72
2020-09-13,15:17,72
2020-09-13,15:18,72
2020-09-13,15:19,72
2020-09-13,15:20,72
2020-09-13,15:21,72
2020-09-13,15:22,72
2020-09-15,11:01,96
2020-09-15,11:02,96
2020-09-15,11:03,96
2020-09-15,11:04,96
2020-09-15,11:05,96
2020-09-15,11:06,96
2020-09-15,11:07,96
2020-09-15,11:08,96
2020-09-15,11:09,96
2020-09-15,11:10,96
2020-09-15,11:11,96
2020-09-15,11:12,96
2020-09-15,11:13,96
2020-09-15,11:14,96
2020-09-15,11:15,96
2020-09-15,11:16,96
2020-09-15,11:17,96
2020-09-15,11:18,96
2020-09-15,11:19,96
2020-09-15,11:20,96
2020-09-15,11:21,96
2020-09-15,11:22,96
2020-09-15,11:23,96
2020-09-15,11:24,96
2020-09-15,11:25,96
2020-09-15,11:26,96
2020-09-15,11:27,96
2020-09-15,11:28,96
2020-09-15,11:29,96
2020-09-15,11:30,96
2020-09-15,11:31,96
2020-09-15,11:32,96
2020-09-15,11:33,96
2020-09-15,11:34,96
2020-09-15,11:35,96
2020-09-15,11:36,96
2020-09-15,11:37,96
2020-09-15,11:38,96
2020-09-15,11:39,96
2020-09-15,11:40,96
2020-09-15,12:29,116
2020-09-15,12:30,116
2020-09-15,12:31,116
2020-09-15,12:32,116
2020-09-15,12:33,116
2020-09-15,12:34,116
2020-09-15,12:35,116
2020-09-15,12:36,116
2020-09-15,12:37,116
2020-09-15,12:38,116
2020-09-15,12:39,116
2020-09-15,12:40,116
2020-09-15,12:41,116
2020-09-15,12:42,116
2020-09-15,12:43,116
2020-09-15,12:44,116
2020-09-15,12:45,116
2020-09-15,12:46,116
2020-09-15,12:47,116
2020-09-15,12:48,116
2020-09-15,12:49,116
2020-09-15,12:50,116
2020-09-15,12:51,116
2020-09-15,12:52,116
2020-09-15,12:53,116
2020-09-15,12:54,116
2020-09-15,12:55,116
2020-09-15,12:56,116
2020-09-15,12:57,116
2020-09-15,12:58,116
2020-09-15,12:59,116
2020-09-15,13:00,116
2020-09-15,13:01,116
2020-09-15,13:02,116
2020-09-15,13:03,116
2020-09-15,13:04,116
2020-09-15,13:05,116
2020-09-15,13:06,116
2020-09-15,13:07,116
2020-09-15,13:08,116
2020-09-15,13:09,116
2020-09-15,13:10,116
2020-09-15,13:11,116
2020-09-15,13:12,116
2020-09-15,13:13,116
2020-09-15,17:03,96
2020-09-15,17:04,96
2020-09-15,17:05,96
2020-09-15,17:06,96
2020-09-15,17:07,96
2020-09-15,17:08,96
2020-09-15,17:09,96
2020-09-15,17:10,96
2020-09-15,17:11,96
2020-09-15,17:12,96
2020-09-15,17:13,96
2020-09-15,17:14,96
2020-09-15,17:15,96
2020-09-15,17:16,96
2020-09-15,17:17,96
2020-09-15,17:18,96
2020-09-15,17:19,96
2020-09-15,17:20,96
2020-09-15,17:21,96
2020-09-15,17:22,96
2020-09-15,17:23,96
2020-09-15,17:24,96
2020-09-15,17:25,96
2020-09-15,17:26,96
2020-09-15,17:27,96
2020-09-15,17:28,96
2020-09-15,17:29,96
2020-09-15,17:30,96
2020-09-15,17:31,96
2020-09-15,17:32,96
2020-09-16,16:15,79
2020-09-16,16:16,79
2020-09-16,16:17,79
2020-09-16,16:18,79
2020-09-16,16:19,79
2020-09-16,16:20,79
2020-09-16,16:21,79
2020-09-16,16:22,79
2020-09-16,16:23,79
2020-09-16,16:24,79
2020-09-16,16:25,79
2020-09-16,16:26,79
2020-09-16,16:27,79
2020-09-16,16:28,79
2020-09-16,16:29,79
2020-09-16,16:30,79
2020-09-16,16:31,79
2020-09-16,16:32,79
2020-09-16,16:33,79
2020-09-16,16:34,79
2020-09-16,16:35,79
2020-09-16,16:36,79
2020-09-16,16:37,79
2020-09-16,16:38,79
2020-09-16,16:39,79
2020-09-16,16:40,79
2020-09-16,16:41,79
2020-09-16,16:42,79
2020-09-16,16:43,79
2020-09-16,16:44,79
2020-09-16,16:45,79
2020-09-16,16:46,79
2020-09-16,16:47,79
2020-09-16,16:48,79
2020-09-16,16:49,79
2020-09-16,16:50,79
2020-09-16,16:51,79
2020-09-16,16:52,79
2020-09-16,16:53,79
2020-09-16,16:54,79
2020-09-16,16:55,79
2020-09-16,16:56,79
2020-09-16,16:57,79
2020-09-16,16:58,79
2020-09-16,16:59,79
2020-09-16,17:00,79
2020-09-16,17:01,79
2020-09-16,17:02,79
2020-09-16,17:03,79
2020-09-16,17:04,79
2020-09-16,17:05,79
2020-09-16,17:06,79
2020-09-16,17:07,79
2020-09-16,17:08,79
2020-09-16,17:09,79
2020-09-16,17:10,79
2020-09-16,17:11,79
2020-09-16,17:12,79
2020-09-16,17:13,79
2020-09-16,17:14,79
2020-09-16,17:15,79
2020-09-16,17:16,79
2020-09-16,17:17,79
2020-09-16,17:18,79
2020-09-16,17:19,79
2020-09-16,17:20,79
2020-09-16,17:21,79
2020-09-16,17:22,79
2020-09-16,17:23,79
2020-09-16,17:24,79
2020-09-16,17:25,79
2020-09-16,17:26,79
2020-09-16,17:27,79
2020-09-16,17:28,79
2020-09-16,17:29,79
2020-09-16,17:30,79
2020-09-16,17:31,79
2020-09-16,17:32,79
2020-09-16,17:33,79
2020-09-16,17:34,79
2020-09-16,17:35,79
2020-09-16,17:36,79
2020-09-16,17:37,79
2020-09-16,17:38,79
2020-09-16,17:39,79
2020-09-18,18:04,68
2020-09-18,18:05,68
2020-09-18,18:06,68
2020-09-18,18:07,68
2020-09-18,18:08,68
2020-09-18,18:09,68
2020-09-18,18:10,68
2020-09-18,18:11,68
2020-09-18,18:12,68
2020-09-18,18:13,68
2020-09-18,18:14,68
2020-09-18,18:15,68
2020-09-18,18:16,68
2020-09-18,18:17,68
2020-09-18,18:18,68
2020-09-18,18:19,68
2020-09-18,18:20,68
2020-09-18,18:21,68
2020-09-18,18:22,68
2020-09-18,18:23,68
2020-09-18,18:24,68
2020-09-18,18:25,68
2020-09-18,18:26,68
2020-09-18,18:27,68
2020-09-18,18:28,68
2020-09-18,18:29,68
2020-09-18,18:30,68
2020-09-18,18:31,68
2020-09-18,18:32,68
2020-09-18,18:33,68
2020-09-18,18:34,68
2020-09-18,18:35,68
2020-09-18,18:36,68
2020-09-18,18:37,68
2020-09-19,09:12,103
2020-09-19,09:13,103
2020-09-19,09:14,103
2020-09-19,09:15,103
2020-09-19,09:16,103
2020-09-19,09:17,103
2020-09-19,09:18,103
2020-09-19,09:19,103
2020-09-19,09:20,103
2020-09-19,09:21,103
2020-09-19,09:22,103
2020-09-19,09:23,103
2020-09-19,09:24,103
2020-09-19,09:25,103
2020-09-19,09:26,103
2020-09-19,09:27,103
2020-09-19,09:28,103
2020-09-19,09:29,103
2020-09-19,09:30,103
2020-09-19,09:31,103
2020-09-19,09:32,103
2020-09-19,09:33,103
2020-09-19,09:34,103
2020-09-19,09:35,103
2020-09-19,09:36,103
2020-09-19,09:37,103
2020-09-19,09:38,103
2020-09-19,09:39,103
2020-09-19,09:40,103
2020-09-19,09:41,103
2020-09-19,09:42,103
2020-09-19,09:43,103
2020-09-19,09:44,103
2020-09-19,09:45,103
2020-09-19,09:46,103
2020-09-19,09:47,103
2020-09-19,09:48,103
2020-09-19,09:49,103
2020-09-19,09:50,103
2020-09-19,11:00,121
2020-09-19,11:01,121
2020-09-19,11:02,121
2020-09-19,11:03,121
2020-09-19,11:04,121
2020-09-19,11:05,121
2020-09-19,11:06,121
2020-09-19,11:07,121
2020-09-19,11:08,121
2020-09-19,11:09,121
2020-09-19,11:10,121
2020-09-19,11:11,121
2020-09-19,11:12,121
2020-09-19,11:13,121
2020-09-19,11:14,121
2020-09-19,11:15,121
2020-09-19,11:16,121
2020-09-19,11:17,121
2020-09-19,11:18,121
2020-09-19,11:19,121
2020-09-19,11:20,121
2020-09-19,11:21,121
2020-09-19,11:22,121
2020-09-19,11:23,121
2020-09-19,11:24,121
2020-09-19,11:25,121
2020-09-19,11:26,121
2020-09-19,11:27,121
2020-09-19,11:28,121
2020-09-19,11:29,121
2020-09-19,11:30,121
2020-09-19,11:31,121
2020-09-19,11:32,121
2020-09-19,11:33,121
2020-09-19,11:34,121
2020-09-19,11:35,121
2020-09-19,11:36,121
2020-09-19,11:37,121
2020-09-19,11:38,121
2020-09-19,11:39,121
2020-09-19,11:40,121
2020-09-19,11:41,121
2020-09-19,11:42,121
2020-09-21,12:51,127
2020-09-21,12:52,127
2020-09-21,12:53,127
2020-09-21,12:54,127
2020-09-21,12:55,127
2020-09-21,12:56,127
2020-09-21,12:57,127
2020-09-21,12:58,127
2020-09-21,12:59,127
2020-09-21,13:00,127
2020-09-21,13:01,127
2020-09-21,13:02,127
2020-09-21,13:03,127
2020-09-21,13:04,127
2020-09-21,13:05,127
2020-09-21,13:06,127
2020-09-21,13:07,127
2020-09-21,13:08,127
2020-09-21,13:09,127
2020-09-21,13:10,127
2020-09-21,13:11,127
2020-09-21,13:12,127
2020-09-21,13:13,127
2020-09-21,13:14,127
2020-09-21,13:15,127
2020-09-21,13:16,127
2020-09-21,13:17,127
2020-09-21,13:18,127
2020-09-21,13:19,127
2020-09-21,13:20,127
2020-09-21,13:21,127
2020-09-21,13:22,127
2020-09-21,13:23,127
2020-09-21,13:24,127
2020-09-21,13:25,127
2020-09-21,13:26,127
2020-09-21,13:27,127
2020-09-21,13:28,127
2020-09-21,13:29,127
2020-09-21,13:30,127
2020-09-21,13:31,127
2020-09-21,15:10,113
2020-09-21,15:11,113
2020-09-21,15:12,113
2020-09-21,15:13,113
2020-09-21,15:14,113
2020-09-21,15:15,113
2020-09-21,15:16,113
2020-09-21,15:17,113
2020-09-21,15:18,113
2020-09-21,15:19,113
2020-09-21,15:20,113
2020-09-21,15:21,113
2020-09-21,15:22,113
2020-09-21,15:23,113
2020-09-21,15:24,113
2020-09-21,15:25,113
2020-09-21,15:26,113
2020-09-21,15:27,113
2020-09-21,15:28,113
2020-09-21,15:29,113
2020-09-21,15:30,113
2020-09-21,15:31,113
2020-09-21,15:32,113
2020-09-21,15:33,113
2020-09-21,15:34,113
2020-09-21,15:35,113
2020-09-21,15:36,113
2020-09-21,15:37,113
2020-09-21,15:38,113
2020-09-21,15:39,113
2020-09-21,15:40,113
2020-09-21,15:41,113
2020-09-21,15:42,113
2020-09-21,15:43,113
2020-09-21,15:44,113
2020-09-21,15:45,113
2020-09-21,15:46,113
2020-09-21,15:47,113
2020-09-21,15:48,113
2020-09-21,15:49,113
2020-09-21,15:50,113
2020-09-21,15:51,113
2020-09-21,15:52,113
2020-09-21,15:53,113
2020-09-21,15:54,113
2020-09-21,15:55,113
2020-09-21,15:56,113
2020-09-21,15:57,113
2020-09-21,15:58,113
2020-09-21,15:59,113
2020-09-21,16:00,113
2020-09-21,16:01,113
2020-09-21,16:02,113
2020-09-21,16:03,113
2020-09-21,16:04,113
2020-09-21,16:05,113
2020-09-21,16:06,113
2020-09-21,16:07,113
2020-09-21,16:08,113
2020-09-21,16:09,113
2020-09-21,16:10,113
2020-09-21,16:11,113
2020-09-21,16:12,113
2020-09-21,16:13,113
2020-09-21,16:14,113
2020-09-21,16:15,113
2020-09-21,16:16,113
2020-09-21,16:17,113
2020-09-21,16:18,113
2020-09-21,16:19,113
2020-09-21,16:20,113
2020-09-21,16:21,113
2020-09-21,16:22,113
2020-09-21,16:23,113
2020-09-21,16:24,113
2020-09-21,16:25,113
2020-09-21,16:26,113
2020-09-21,16:28,70
2020-09-21,16:29,70
2020-09-22,15:04,130
2020-09-22,15:05,130
2020-09-22,15:06,130
2020-09-22,15:07,130
2020-09-22,15:08,130
2020-09-22,15:09,130
2020-09-22,15:10,130
2020-09-22,15:11,130
2020-09-22,15:12,130
2020-09-22,15:13,130
2020-09-22,15:14,130
2020-09-22,15:15,130
2020-09-22,15:16,130
2020-09-22,15:17,130
2020-09-22,15:18,130
2020-09-22,15:19,130
2020-09-22,15:20,130
2020-09-22,15:21,130
2020-09-22,15:22,130
2020-09-22,15:23,130
2020-09-22,15:24,130
2020-09-22,15:25,130
2020-09-22,15:26,130
2020-09-22,15:27,130
2020-09-22,15:28,130
2020-09-22,15:29,130
2020-09-22,15:30,130
2020-09-22,15:31,130
2020-09-22,15:32,130
2020-09-22,15:33,130
2020-09-22,15:34,130
2020-09-22,15:35,130
2020-09-22,18:12,60
2020-09-23,16:20,97
2020-09-23,16:21,97
2020-09-23,16:22,97
2020-09-23,16:23,97
2020-09-23,16:24,97
2020-09-23,16:25,97
2020-09-23,16:26,97
2020-09-23,16:27,97
2020-09-23,16:28,97
2020-09-23,16:29,97
2020-09-23,16:30,97
2020-09-23,16:31,97
2020-09-23,16:32,97
2020-09-23,16:33,97
2020-09-23,16:34,97
2020-09-23,16:35,97
2020-09-23,16:36,97
2020-09-23,16:37,97
2020-09-23,16:38,97
2020-09-23,16:39,97
2020-09-23,16:40,97
2020-09-23,16:41,97
2020-09-23,16:42,97
2020-09-23,16:43,97
2020-09-23,16:44,97
2020-09-23,16:45,97
2020-09-23,16:46,97
2020-09-23,16:47,97
2020-09-23,16:48,97
2020-09-23,16:49,97
2020-09-23,16:50,97
2020-09-23,16:51,97
2020-09-23,16:52,97
2020-09-23,16:53,97
2020-09-23,16:54,97
2020-09-23,16:55,97
2020-09-23,16:56,97
2020-09-23,16:57,97
2020-09-23,16:58,97
2020-09-23,16:59,97
2020-09-24,08:53,60
2020-09-24,08:54,60
2020-09-24,08:55,60
2020-09-24,08:56,60
2020-09-24,08:57,60
2020-09-24,08:58,60
2020-09-24,08:59,60
2020-09-24,09:00,60
2020-09-24,09:01,60
2020-09-24,09:02,60
2020-09-24,09:03,60
2020-09-24,09:04,60
2020-09-24,09:05,60
2020-09-24,09:06,60
2020-09-24,09:07,60
2020-09-24,09:08,60
2020-09-24,09:09,60
2020-09-24,09:10,60
2020-09-24,09:11,60
2020-09-24,09:12,60
2020-09-24,09:13,60
2020-09-24,09:14,60
2020-09-24,09:15,60
2020-09-24,09:16,60
2020-09-24,09:17,60
2020-09-24,09:18,60
2020-09-24,09:19,60
2020-09-24,09:20,60
2020-09-24,09:21,60
2020-09-24,09:22,60
2020-09-24,09:23,60
2020-09-24,09:24,60
2020-09-24,09:25,60
2020-09-24,09:26,60
2020-09-24,09:27,60
2020-09-24,09:28,60
2020-09-24,09:29,60
2020-09-24,09:30,60
2020-09-24,09:31,60
2020-09-24,09:32,60
2020-09-24,09:33,60
2020-09-24,09:34,60
2020-09-24,09:35,60
2020-09-24,09:36,60
2020-09-24,09:37,60
2020-09-24,09:38,60
2020-09-24,09:39,60
2020-09-24,09:40,60
2020-09-24,09:41,60
2020-09-24,09:42,60
2020-09-24,09:43,60
2020-09-24,09:44,60
2020-09-24,09:45,60
2020-09-24,09:46,60
2020-09-24,09:47,60
2020-09-24,09:48,60
2020-09-24,09:49,60
2020-09-24,09:50,60
2020-09-24,09:51,60
2020-09-24,09:52,60
2020-09-24,09:53,60
2020-09-24,09:54,60
2020-09-24,09:55,60
2020-09-24,09:56,60
2020-09-24,09:57,60
2020-09-24,09:58,60
2020-09-24,09:59,60
2020-09-24,10:00,60
2020-09-24,10:01,60
2020-09-24,10:02,60
2020-09-24,10:03,60
2020-09-24,10:04,60
2020-09-24,10:05,60
2020-09-24,10:06,60
2020-09-24,10:07,60
2020-09-24,10:08,60
2020-09-24,10:09,60
2020-09-24,10:13,76
2020-09-24,10:14,76
2020-09-24,10:15,76
2020-09-24,10:16,76
2020-09-24,10:17,76
2020-09-24,10:18,76
2020-09-24,10:19,76
2020-09-24,10:20,76
2020-09-24,10:21,76
2020-09-24,10:22,76
2020-09-24,10:23,76
2020-09-24,10:24,76
2020-09-24,10:25,76
2020-09-24,10:26,76
2020-09-24,10:27,76
2020-09-24,10:28,76
2020-09-24,10:29,76
2020-09-24,10:30,76
2020-09-24,10:31,76
2020-09-24,10:32,76
2020-09-24,10:33,76
2020-09-24,10:34,76
2020-09-24,10:35,76
2020-09-24,10:36,76
2020-09-24,10:37,76
2020-09-24,10:38,76
2020-09-24,10:39,76
2020-09-24,10:40,76
2020-09-24,10:41,76
2020-09-24,10:42,76
2020-09-24,10:43,76
2020-09-24,10:44,76
2020-09-24,10:45,76
2020-09-24,10:46,76
2020-09-24,10:47,76
2020-09-24,10:48,76
2020-09-24,10:49,76
2020-09-24,10:50,76
2020-09-24,10:51,76
2020-09-24,10:52,76
2020-09-24,10:53,76
2020-09-24,10:54,76
2020-09-24,10:55,76
2020-09-24,10:56,76
2020-09-24,10:57,76
2020-09-24,10:58,76
2020-09-24,10:59,76
2020-09-24,11:00,76
2020-09-24,11:01,76
2020-09-24,11:02,76
2020-09-24,11:03,76
2020-09-24,11:04,76
2020-09-24,11:05,76
2020-09-24,11:06,76
2020-09-24,11:07,76
2020-09-24,11:08,76
2020-09-24,11:09,76
2020-09-24,11:10,76
2020-09-24,11:11,76
2020-10-03,13:01,70
2020-10-03,13:02,70
2020-10-03,13:03,70
2020-10-03,13:04,70
2020-10-03,13:05,70
2020-10-03,13:06,70
2020-10-03,13:07,70
2020-10-03,13:08,70
2020-10-03,13:09,70
2020-10-03,13:10,70
2020-10-03,13:11,70
2020-10-03,13:12,70
2020-10-03,13:13,70
2020-10-03,13:14,70
2020-10-03,13:15,70
2020-10-03,13:16,70
2020-10-03,13:17,70
2020-10-03,13:18,70
2020-10-03,13:19,70
2020-10-03,13:20,70
2020-10-03,13:21,70
2020-10-03,13:22,70
2020-10-03,13:23,70
2020-10-03,13:24,70
2020-10-03,13:25,70
2020-10-03,13:26,70
2020-10-03,13:27,70
2020-10-03,13:28,70
2020-10-03,13:29,70
2020-10-03,13:30,70
2020-10-03,13:31,70
2020-10-03,13:32,70
2020-10-03,13:33,70
2020-10-03,13:34,70
2020-10-03,13:35,70
2020-10-03,13:36,70
2020-10-03,13:37,70
2020-10-03,13:38,70
2020-10-03,13:39,70
2020-10-03,13:40,70
2020-10-03,13:41,70
2020-10-03,13:42,70
2020-10-03,13:43,70
2020-10-03,13:44,70
2020-10-03,13:45,70
2020-10-03,13:46,70
2020-10-03,13:47,70
2020-10-03,13:48,70
2020-10-03,13:49,70
2020-10-03,13:50,70
2020-10-03,13:51,70
2020-10-03,13:52,70
2020-10-03,13:53,70
2020-10-03,13:54,70
2020-10-03,13:55,70
2020-10-03,13:56,70
2020-10-03,13:57,70
2020-10-03,13:58,70
2020-10-03,13:59,70
2020-10-03,14:00,70
2020-10-03,14:01,70
2020-10-03,14:02,70
2020-10-03,14:03,70
2020-10-03,14:04,70
2020-10-03,14:05,70
2020-10-03,14:06,70
2020-10-03,14:07,70
2020-10-03,14:08,70
2020-10-03,14:09,70
2020-10-03,14:10,70
2020-10-03,14:11,70
2020-10-03,14:12,70
2020-10-03,14:13,70
2020-10-03,14:14,70
2020-10-03,14:15,70
2020-10-03,14:16,70
2020-10-03,14:17,70
2020-10-03,14:18,70
2020-10-03,14:19,70
2020-10-03,14:20,70
2020-10-03,14:21,70
2020-10-03,14:22,70
2020-10-03,14:23,70
2020-10-03,14:24,70
2020-10-03,14:25,70
2020-10-03,14:26,70
2020-10-03,14:27,70
2020-10-03,14:28,70
2020-10-03,14:29,70
2020-10-03,14:30,70
2020-10-03,14:31,70
2020-10-03,14:32,70
2020-10-03,14:33,70
2020-10-03,14:34,70
2020-10-03,14:35,70
2020-10-03,14:36,70
2020-10-03,14:37,70
2020-10-03,14:38,70
2020-10-03,14:39,70
2020-10-03,14:40,70
2020-10-03,14:41,70
2020-10-03,14:42,70
2020-10-03,14:43,70
2020-10-03,14:44,70
2020-10-03,14:45,70
2020-10-03,14:46,70
2020-10-03,14:47,70
2020-10-03,14:48,70
2020-10-03,14:49,70
2020-10-03,14:50,70
2020-10-03,14:51,70
2020-10-03,14:52,70
2020-10-03,14:53,70
2020-10-03,14:54,70
2020-10-03,14:55,70
2020-10-03,14:56,70
2020-10-03,14:57,70
2020-10-03,14:58,70
2020-10-03,14:59,70
2020-10-03,15:00,70
2020-10-03,15:01,70
2020-10-03,15:02,70
2020-10-03,15:03,70
2020-10-03,15:04,70
2020-10-03,15:05,70
2020-10-03,15:06,70
2020-10-03,15:07,70
2020-10-03,15:08,70
2020-10-03,15:09,70
2020-10-03,15:10,70
2020-10-03,15:11,70
2020-10-03,15:12,70
2020-10-03,15:13,70
2020-10-03,15:14,70
2020-10-03,15:15,70
2020-10-03,15:16,70
2020-10-03,15:17,70
2020-10-03,15:18,70
2020-10-03,15:19,70
2020-10-03,15:20,70
2020-10-03,15:21,70
2020-10-03,15:22,70
2020-10-03,15:23,70
2020-10-03,15:24,70
2020-10-03,15:25,70
2020-10-03,15:26,70
2020-10-03,15:27,70
2020-10-03,15:28,70
2020-10-03,15:29,70
2020-10-03,15:30,70
2020-10-03,15:31,70
2020-10-03,15:32,70
2020-10-03,15:33,70
2020-10-03,15:34,70
2020-10-03,15:35,70
2020-10-03,15:36,70
2020-10-03,15:37,70
2020-10-03,15:38,70
2020-10-03,15:39,70
2020-10-03,15:40,70
2020-10-03,15:41,70
2020-10-03,15:42,70
2020-10-03,15:43,70
2020-10-03,15:44,70
2020-10-03,15:45,70
2020-10-03,15:46,70
2020-10-03,15:47,70
2020-10-03,15:48,70
2020-10-03,15:49,70
2020-10-03,15:50,70
2020-10-03,15:51,70
2020-10-03,15:52,70
2020-10-03,15:53,70
2020-10-03,15:54,70
2020-10-03,15:55,70
2020-10-03,15:56,70
2020-10-03,15:57,70
2020-10-03,15:58,70
2020-10-03,15:59,70
2020-10-03,16:00,70
2020-10-03,16:01,70
2020-10-03,16:02,70
2020-10-03,16:03,70
2020-10-03,16:04,70
2020-10-03,16:05,70
2020-10-03,16:06,70
2020-10-03,16:07,70
2020-10-03,16:08,70
2020-10-03,16:09,70
2020-10-03,16:10,70
2020-10-03,16:11,70
2020-10-03,16:12,70
2020-10-03,16:13,70
2020-10-03,16:14,70
2020-10-03,16:15,70
2020-10-03,16:16,70
2020-10-03,16:17,70
2020-10-03,16:18,70
2020-10-03,16:19,70
2020-10-03,16:20,70
2020-10-03,16:21,70
2020-10-03,16:22,70
2020-10-03,16:23,70
2020-10-03,16:24,70
2020-10-03,16:25,70
2020-10-03,16:26,70
2020-10-03,16:27,70
2020-10-03,16:28,70
2020-10-03,16:29,70
2020-10-03,16:30,70
2020-10-03,16:31,70
2020-10-03,16:32,70
2020-10-04,11:34,84
2020-10-04,11:46,97
2020-10-04,11:49,76
2020-10-04,11:50,76
2020-10-04,11:51,71
2020-10-04,11:52,77
2020-10-04,11:53,68
2020-10-04,11:54,67
2020-10-04,11:55,69
2020-10-04,11:56,69
2020-10-04,11:57,72
2020-10-04,11:58,77
2020-10-04,11:59,77
2020-10-04,12:00,74
2020-10-04,12:01,69
2020-10-04,12:02,71
2020-10-04,12:03,76
2020-10-04,12:04,72
2020-10-04,12:05,79
2020-10-04,12:06,72
2020-10-04,12:07,81
2020-10-04,12:08,75
2020-10-04,12:09,75
2020-10-04,12:10,98
2020-10-04,12:11,101
2020-10-04,12:12,87
2020-10-04,12:13,76
2020-10-04,12:14,81
2020-10-04,12:15,90
2020-10-04,12:16,98
2020-10-04,12:17,97
2020-10-04,12:18,97
2020-10-04,13:18,118
2020-10-04,13:19,103
2020-10-04,13:20,96
2020-10-04,13:21,94
2020-10-04,13:22,96
2020-10-04,13:23,99
2020-10-04,13:24,99
2020-10-04,13:25,102
2020-10-06,16:48,106
2020-10-06,16:49,141
2020-10-06,16:50,142
2020-10-06,16:51,139
2020-10-06,16:52,137
2020-10-06,16:53,128
2020-10-06,16:54,116
2020-10-06,16:55,111
2020-10-06,16:56,106
2020-10-06,16:57,113
2020-10-06,16:58,116
2020-10-06,16:59,133
2020-10-06,17:00,136
2020-10-06,17:01,125
2020-10-06,17:02,127
2020-10-06,17:03,142
2020-10-06,17:04,144
2020-10-06,17:05,143
2020-10-06,17:06,140
2020-10-06,17:07,140
2020-10-06,17:08,141
2020-10-06,17:09,143
2020-10-06,17:10,144
2020-10-06,17:11,136
2020-10-06,17:12,138
2020-10-06,17:13,140
2020-10-06,17:14,138
2020-10-06,17:15,131
2020-10-06,17:16,135
2020-10-06,17:17,132
2020-10-06,17:18,128
2020-10-06,17:19,127
2020-10-06,17:20,129
2020-10-06,17:21,143
2020-10-06,17:22,140
2020-10-06,17:23,128
2020-10-06,17:24,126
2020-10-06,20:57,83
2020-10-06,20:58,83
2020-10-06,20:59,83
2020-10-06,21:00,83
2020-10-06,21:01,83
2020-10-06,21:02,83
2020-10-06,21:03,83
2020-10-06,21:04,83
2020-10-06,21:05,83
2020-10-06,21:06,83
2020-10-06,21:07,83
2020-10-06,21:08,83
2020-10-06,21:09,83
2020-10-06,21:10,83
2020-10-06,21:11,83
2020-10-06,21:12,83
2020-10-06,21:13,83
2020-10-06,21:14,83
2020-10-06,21:15,83
2020-10-06,21:16,83
2020-10-06,21:17,83
2020-10-06,21:18,83
2020-10-06,21:19,83
2020-10-06,21:20,83
2020-10-06,21:21,83
2020-10-06,21:22,83
2020-10-06,21:23,83
2020-10-06,21:24,83
2020-10-06,21:25,83
2020-10-11,13:19,99
2020-10-11,13:20,99
2020-10-11,13:21,99
2020-10-11,13:22,99
2020-10-11,13:23,99
2020-10-11,13:24,99
2020-10-11,13:25,99
2020-10-11,13:26,99
2020-10-11,13:27,99
2020-10-11,13:28,99
2020-10-11,13:29,99
2020-10-11,13:30,99
2020-10-11,13:31,99
2020-10-11,13:32,99
2020-10-11,13:33,99
2020-10-11,13:34,99
2020-10-11,13:35,99
2020-10-11,13:36,99
2020-10-11,13:37,99
2020-10-11,13:38,99
2020-10-11,13:39,99
2020-10-11,13:40,99
2020-10-11,13:41,99
2020-10-11,13:42,99
2020-10-11,13:43,99
2020-10-11,13:44,99
2020-10-11,13:45,99
2020-10-11,13:46,99
2020-10-11,13:47,99
2020-10-11,13:48,99
2020-10-11,13:49,99
2020-10-11,13:50,99
2020-10-11,13:51,99
2020-10-11,13:52,99
2020-10-11,13:53,99
2020-10-11,13:54,99
2020-10-11,13:55,99
2020-10-11,13:56,99
2020-10-11,13:57,99
2020-10-11,13:58,99
2020-10-11,13:59,99
2020-10-11,14:00,99
2020-10-11,14:01,99
2020-10-11,14:02,99
2020-10-11,14:03,99
2020-10-11,14:04,99
2020-10-11,14:05,99
2020-10-11,14:06,99
2020-10-11,14:07,99
2020-10-11,14:08,99
2020-10-11,14:09,99
2020-10-11,14:10,99
2020-10-11,14:11,99
2020-10-11,14:12,99
2020-10-11,14:13,99
2020-10-11,14:14,99
2020-10-12,13:10,83
2020-10-12,13:11,83
2020-10-12,13:12,83
2020-10-12,13:13,83
2020-10-12,13:14,83
2020-10-12,13:15,83
2020-10-12,13:16,83
2020-10-12,13:17,83
2020-10-12,13:18,83
2020-10-12,13:19,83
2020-10-12,13:20,83
2020-10-12,13:21,83
2020-10-12,13:22,83
2020-10-12,13:23,83
2020-10-12,13:24,83
2020-10-12,13:25,83
2020-10-12,13:26,83
2020-10-12,13:27,83
2020-10-12,13:28,83
2020-10-12,13:29,83
2020-10-12,13:30,83
2020-10-12,13:31,83
2020-10-12,13:32,83
2020-10-12,13:33,83
2020-10-12,13:34,83
2020-10-12,13:35,83
2020-10-12,13:36,83
2020-10-12,13:37,83
2020-10-12,13:38,83
2020-10-12,13:39,83
2020-10-12,13:40,83
2020-10-12,15:15,105
2020-10-12,15:16,105
2020-10-12,15:17,105
2020-10-12,15:18,105
2020-10-12,15:19,105
2020-10-12,15:20,105
2020-10-12,15:21,105
2020-10-12,15:22,105
2020-10-12,15:23,105
2020-10-12,15:24,105
2020-10-12,15:25,105
2020-10-12,15:26,105
2020-10-12,15:27,105
2020-10-12,15:28,105
2020-10-12,15:29,105
2020-10-12,15:30,105
2020-10-12,15:31,105
2020-10-12,15:32,105
2020-10-12,15:33,105
2020-10-12,15:34,105
2020-10-12,15:35,105
2020-10-12,15:36,105
2020-10-12,15:37,105
2020-10-12,15:38,105
2020-10-12,15:39,105
2020-10-12,15:40,105
2020-10-12,15:41,105
2020-10-12,15:42,105
2020-10-12,15:43,105
2020-10-12,15:44,105
2020-10-12,15:45,105
2020-10-12,15:46,105
2020-10-12,15:47,105
2020-10-12,15:48,105
2020-10-12,15:49,105
2020-10-12,15:50,105
2020-10-12,15:51,105
2020-10-12,15:52,105
2020-10-12,15:53,105
2020-10-12,15:54,105
2020-10-12,15:55,105
2020-10-12,15:56,105
2020-10-12,15:57,105
2020-10-12,15:58,105
2020-10-12,15:59,105
2020-10-12,16:00,105
2020-10-13,13:03,92
2020-10-13,13:04,92
2020-10-13,13:05,92
2020-10-13,13:06,92
2020-10-13,13:07,92
2020-10-13,13:08,92
2020-10-13,13:09,92
2020-10-13,13:10,92
2020-10-13,13:11,92
2020-10-13,13:12,92
2020-10-13,13:13,92
2020-10-13,13:14,92
2020-10-13,13:15,92
2020-10-13,13:16,92
2020-10-13,13:17,92
2020-10-13,13:18,92
2020-10-13,13:19,92
2020-10-13,13:20,92
2020-10-13,13:21,92
2020-10-13,13:22,92
2020-10-13,13:23,92
2020-10-13,13:24,92
2020-10-13,13:25,92
2020-10-13,13:26,92
2020-10-13,13:27,92
2020-10-13,13:28,92
2020-10-13,13:29,92
2020-10-13,13:30,92
2020-10-13,13:31,92
2020-10-13,13:32,92
2020-10-13,13:33,92
2020-10-13,13:34,92
2020-10-13,13:35,92
2020-10-13,13:36,92
2020-10-13,13:37,92
2020-10-14,10:00,85
2020-10-14,10:01,85
2020-10-14,10:02,85
2020-10-14,10:03,85
2020-10-14,10:04,85
2020-10-14,10:05,85
2020-10-14,10:06,85
2020-10-14,10:07,85
2020-10-14,10:08,85
2020-10-14,10:09,85
2020-10-14,10:10,85
2020-10-14,10:11,85
2020-10-14,10:12,85
2020-10-14,10:13,85
2020-10-14,10:14,85
2020-10-14,10:15,85
2020-10-14,10:16,85
2020-10-14,10:17,85
2020-10-14,10:18,85
2020-10-14,10:19,85
2020-10-14,10:20,85
2020-10-14,10:21,85
2020-10-14,10:22,85
2020-10-14,10:23,85
2020-10-14,10:24,85
2020-10-14,10:25,85
2020-10-14,10:26,85
2020-10-14,10:27,85
2020-10-14,10:28,85
2020-10-14,10:29,85
2020-10-14,10:30,85
2020-10-14,10:31,85
2020-10-14,10:32,85
2020-10-14,10:33,85
2020-10-14,10:34,85
2020-10-14,10:35,85
2020-10-14,10:36,85
2020-10-14,10:37,85
2020-10-14,10:38,85
2020-10-14,10:39,85
2020-10-14,10:40,85
2020-10-14,10:41,85
2020-10-14,10:42,85
2020-10-14,10:43,85
2020-10-14,10:44,85
2020-10-14,10:45,85
2020-10-14,10:46,85
2020-10-14,10:47,85
2020-10-14,10:48,85
2020-10-14,10:49,85
2020-10-14,10:50,85
2020-10-14,10:51,85
2020-10-14,10:52,85
2020-10-14,10:53,85
2020-10-14,10:54,85
2020-10-14,10:55,85
2020-10-14,10:56,85
2020-10-14,10:57,85
2020-10-14,10:58,85
2020-10-14,10:59,85
2020-10-14,11:00,85
2020-10-14,11:01,85
2020-10-14,11:02,85
2020-10-14,11:03,85
2020-10-14,11:04,85
2020-10-14,11:05,85
2020-10-14,11:06,85
2020-10-14,11:07,85
2020-10-14,11:08,85
2020-10-14,11:09,85
2020-10-14,11:10,85
2020-10-14,11:11,85
2020-10-14,11:12,85
2020-10-14,11:13,85
2020-10-14,11:14,85
2020-10-14,11:15,85
2020-10-14,11:16,85
2020-10-14,11:17,85
2020-10-14,11:18,85
2020-10-14,11:19,85
2020-10-14,11:20,85
2020-10-14,11:21,85
2020-10-14,11:22,85
2020-10-14,11:23,85
2020-10-14,11:24,85
2020-10-14,11:25,85
2020-10-14,11:26,85
2020-10-14,11:27,85
2020-10-14,11:28,85
2020-10-14,11:29,85
2020-10-14,11:30,85
2020-10-14,11:31,85
2020-10-14,11:32,85
2020-10-14,11:33,85
2020-10-14,11:34,85
2020-10-14,11:35,85
2020-10-14,11:36,85
2020-10-14,11:37,85
2020-10-14,11:38,85
2020-10-14,11:39,85
2020-10-14,11:40,85
2020-10-14,11:41,85
2020-10-14,11:42,85
2020-10-14,11:43,85
2020-10-14,11:44,85
2020-10-14,11:45,85
2020-10-14,11:46,85
2020-10-14,11:47,85
2020-10-14,11:48,85
2020-10-14,11:49,85
2020-10-14,11:50,85
2020-10-14,11:51,85
2020-10-14,11:52,85
2020-10-14,11:53,85
2020-10-14,11:54,85
2020-10-14,11:55,85
2020-10-14,11:56,85
2020-10-14,11:57,85
2020-10-14,11:58,85
2020-10-14,11:59,85
2020-10-14,12:00,85
2020-10-14,12:01,85
2020-10-14,12:02,85
2020-10-14,12:03,85
2020-10-14,12:04,85
2020-10-14,12:05,85
2020-10-14,12:06,85
2020-10-14,12:07,85
2020-10-14,12:08,85
2020-10-14,12:09,85
2020-10-14,12:10,85
2020-10-14,12:11,85
2020-10-14,12:12,85
2020-10-14,12:13,85
2020-10-14,12:14,85
2020-10-14,12:15,85
2020-10-14,12:16,85
2020-10-14,12:17,85
2020-10-14,12:18,85
2020-10-14,12:19,85
2020-10-14,12:20,85
2020-10-14,12:21,85
2020-10-14,12:22,85
2020-10-14,12:23,85
2020-10-14,12:24,85
2020-10-14,12:25,85
2020-10-14,12:26,85
2020-10-14,12:27,85
2020-10-14,12:28,85
2020-10-14,12:29,85
2020-10-14,12:30,85
2020-10-14,12:31,85
2020-10-14,12:32,85
2020-10-14,12:33,85
2020-10-14,12:34,85
2020-10-14,12:35,85
2020-10-14,12:36,85
2020-10-14,12:37,85
2020-10-14,12:38,85
2020-10-14,12:39,85
2020-10-14,12:40,85
2020-10-14,12:41,85
2020-10-14,12:42,85
2020-10-14,12:43,85
2020-10-14,12:44,85
2020-10-14,12:45,85
2020-10-14,12:46,85
2020-10-14,12:47,85
2020-10-14,12:48,85
2020-10-14,12:49,85
2020-10-14,12:50,85
2020-10-14,12:51,85
2020-10-14,12:52,85
2020-10-14,12:53,85
2020-10-14,12:54,85
2020-10-14,12:55,85
2020-10-14,12:56,85
2020-10-14,12:57,85
2020-10-14,12:58,85
2020-10-14,12:59,85
2020-10-14,13:00,85
2020-10-14,13:01,85
2020-10-14,13:02,85
2020-10-14,13:03,85
2020-10-14,13:04,85
2020-10-14,13:05,85
2020-10-14,13:06,85
2020-10-14,13:07,85
2020-10-14,13:08,85
2020-10-14,13:09,85
2020-10-14,13:10,85
2020-10-14,13:11,85
2020-10-14,13:12,85
2020-10-14,13:13,85
2020-10-14,13:14,85
2020-10-14,13:15,85
2020-10-14,13:16,85
2020-10-14,13:17,85
2020-10-14,13:18,85
2020-10-14,13:19,85
2020-10-14,13:20,85
2020-10-14,13:21,85
2020-10-14,13:22,85
2020-10-14,13:23,85
2020-10-14,13:24,85
2020-10-14,13:25,85
2020-10-14,13:26,85
2020-10-14,13:27,85
2020-10-14,13:28,85
2020-10-14,13:29,85
2020-10-14,13:30,85
2020-10-14,13:31,85
2020-10-14,13:32,85
2020-10-14,13:33,85
2020-10-14,13:34,85
2020-10-14,13:35,85
2020-10-14,13:36,85
2020-10-14,13:37,85
2020-10-14,13:38,85
2020-10-14,13:39,85
2020-10-14,13:40,85
2020-10-14,13:41,85
2020-10-14,13:42,85
2020-10-14,13:43,85
2020-10-14,13:44,85
2020-10-14,13:45,85
2020-10-14,13:46,85
2020-10-14,13:47,85
2020-10-14,13:48,85
2020-10-14,13:49,85
2020-10-14,13:50,85
2020-10-14,13:51,85
2020-10-14,13:52,85
2020-10-14,13:53,85
2020-10-14,13:54,85
2020-10-14,13:55,85
2020-10-14,13:56,85
2020-10-14,13:57,85
2020-10-14,13:58,85
2020-10-14,13:59,85
2020-10-14,14:00,85
2020-10-14,14:01,85
2020-10-14,14:02,85
2020-10-14,14:03,85
2020-10-14,14:04,85
2020-10-14,14:05,85
2020-10-14,14:06,85
2020-10-14,14:07,85
2020-10-14,14:08,85
2020-10-14,14:09,85
2020-10-14,14:10,85
2020-10-14,14:11,85
2020-10-14,14:12,85
2020-10-14,14:13,85
2020-10-14,14:14,85
2020-10-14,14:15,85
2020-10-14,14:16,85
2020-10-14,14:17,85
2020-10-14,14:18,85
2020-10-14,14:19,85
2020-10-14,14:20,85
2020-10-14,17:37,91
2020-10-14,17:39,57
2020-10-24,16:16,88
2020-10-24,16:17,100
2020-10-24,16:18,86
2020-10-24,16:19,84
2020-10-24,16:20,86
2020-10-24,16:21,82
2020-10-24,16:22,84
2020-10-24,16:23,88
2020-10-24,16:24,83
2020-10-24,16:25,94
2020-10-24,16:26,95
2020-10-24,16:27,96
2020-10-24,16:28,95
2020-10-24,16:29,90
2020-10-24,16:30,82
2020-10-24,16:31,88
2020-10-24,16:32,93
2020-10-24,16:33,90
2020-10-24,16:34,105
2020-10-24,16:35,99
2020-10-24,16:36,94
2020-10-24,16:37,95
2020-10-24,16:38,92
2020-10-24,16:39,88
2020-10-24,16:40,90
2020-10-24,16:41,92
2020-10-24,16:42,101
2020-10-24,16:43,97
2020-10-24,16:44,90
2020-10-24,16:45,96
2020-10-24,16:46,110
2020-10-24,16:47,106
2020-10-24,16:48,101
2020-10-24,16:49,99
2020-10-24,16:50,105
2020-10-24,16:51,101
2020-10-24,16:52,109
2020-10-24,16:53,111
2020-10-24,16:54,105
2020-10-24,16:55,106
2020-10-24,16:56,100
2020-10-24,16:57,101
2020-10-24,16:58,101
2020-10-24,16:59,94
2020-10-24,17:00,90
2020-10-24,17:01,90
2020-10-24,17:02,93
2020-10-24,17:03,118
2020-10-24,17:04,112
2020-10-24,17:05,113
2020-10-24,17:06,113
2020-10-24,17:07,110
2020-10-24,17:08,115
2020-10-24,17:09,113
2020-10-24,17:10,116
2020-10-24,17:11,108
2020-10-24,17:12,105
2020-10-24,17:13,117
2020-10-24,17:14,111
2020-10-24,17:15,106
2020-10-24,17:16,98
2020-10-24,17:17,92
2020-10-24,17:18,96
2020-10-24,17:19,96
2020-10-24,17:20,84
2020-10-24,17:21,86
2020-10-24,17:22,83
2020-10-24,17:23,93
2020-10-24,17:24,100
2020-10-24,17:25,102
2020-10-24,17:26,101
2020-10-24,17:27,98
2020-10-24,17:28,92
2020-10-24,17:29,88
2020-10-24,17:30,84
2020-10-24,17:31,101
2020-10-24,17:32,98
2020-10-24,17:33,93
2020-10-24,17:34,94
2020-10-24,17:35,100
2020-10-24,17:36,96
2020-10-24,17:37,111
2020-10-24,17:38,102
2020-10-24,17:39,115
2020-10-24,17:40,113
2020-10-24,17:41,147
2020-10-24,17:42,139
2020-10-24,17:43,135
2020-10-24,17:44,139
2020-10-24,17:45,128
2020-10-24,17:46,112
2020-10-24,17:47,99
2020-10-24,17:48,96
2020-10-24,17:49,95
2020-10-24,17:50,96
2020-10-24,17:51,105
2020-10-24,17:52,109
2020-10-24,17:53,109
2020-10-24,17:54,104
2020-10-24,17:55,106
2020-10-24,17:56,99
2020-10-24,17:57,87
2020-10-24,17:58,88
2020-10-24,17:59,90
2020-10-24,18:00,79
2020-10-24,18:01,82
2020-10-24,18:02,99
2020-10-24,18:03,89
2020-10-24,18:04,99
2020-10-24,18:05,90
2020-10-24,18:06,94
2020-10-24,18:07,95
2020-10-24,18:08,87
2020-10-24,18:09,84
2020-10-24,18:10,77
2020-10-24,18:11,85
2020-10-24,18:12,87
2020-10-24,18:13,102
2020-10-24,18:14,98
2020-10-24,18:15,97
2020-10-24,18:16,106
2020-10-24,18:17,114
2020-10-24,18:18,108
2020-10-24,18:19,104
2020-10-24,18:20,103
2020-10-24,18:21,103
2020-10-24,18:22,101
2020-10-24,18:23,101
2020-10-24,18:24,96
2020-10-24,18:25,98
2020-10-24,18:26,88
2020-10-24,18:27,88
2020-10-24,18:28,89
2020-10-24,18:29,86
2020-10-24,18:30,89
2020-10-24,18:31,98
2020-10-24,18:32,99
2020-10-24,18:33,84
2020-10-24,18:34,78
2020-10-24,18:35,93
2020-10-24,18:36,93
2020-10-24,18:37,92
2020-10-24,18:38,76
2020-10-24,18:39,92
2020-10-24,18:40,88
2020-10-24,18:41,78
2020-10-24,18:42,101
2020-10-24,18:43,95
2020-10-24,18:44,106
2020-10-24,18:45,103
2020-10-24,18:46,99
2020-10-24,18:47,99
2020-10-24,18:48,102
2020-10-24,18:49,90
2020-10-24,18:50,91
2020-10-31,13:19,83
2020-10-31,18:03,78
2020-10-31,18:04,95
2020-10-31,18:05,143
2020-10-31,18:06,126
2020-10-31,18:07,118
2020-10-31,18:08,123
2020-10-31,18:09,110
2020-10-31,18:10,102
2020-10-31,18:11,99
2020-10-31,18:12,87
2020-10-31,18:13,95
2020-10-31,18:14,115
2020-10-31,18:15,109
2020-10-31,18:16,91
2020-10-31,18:17,85
2020-10-31,18:18,90
2020-10-31,18:19,111
2020-10-31,18:20,102
2020-10-31,18:21,105
2020-10-31,18:22,118
2020-10-31,18:23,123
2020-10-31,18:24,110
2020-10-31,18:25,88
2020-10-31,18:26,79
2020-10-31,18:27,97
2020-10-31,18:28,103
2020-10-31,18:29,102
2020-10-31,18:30,99
2020-10-31,18:31,76
2020-10-31,18:32,80
2020-10-31,18:33,89
2020-10-31,18:34,101
2020-10-31,18:35,97
2020-10-31,18:36,98
2020-10-31,18:37,98
2020-10-31,18:38,92
2020-10-31,18:39,94
2020-10-31,18:40,90
2020-11-01,17:05,89
2020-11-01,17:06,89
2020-11-01,17:07,89
2020-11-01,17:08,89
2020-11-01,17:09,89
2020-11-01,17:10,89
2020-11-01,17:11,89
2020-11-01,17:12,89
2020-11-01,17:13,89
2020-11-01,17:14,89
2020-11-01,17:15,89
2020-11-01,17:16,89
2020-11-01,17:17,89
2020-11-01,17:18,89
2020-11-01,17:19,89
2020-11-01,17:20,89
2020-11-01,17:21,89
2020-11-01,17:22,89
2020-11-01,17:23,89
2020-11-01,17:24,89
2020-11-01,17:25,89
2020-11-01,17:26,89
2020-11-01,17:27,89
2020-11-01,17:28,89
2020-11-01,17:29,89
2020-11-01,17:30,89
2020-11-01,17:31,89
2020-11-01,17:32,89
2020-11-01,17:33,89
2020-11-01,17:34,89
2020-11-01,17:35,89
2020-11-01,17:36,89
2020-11-01,17:37,89
2020-11-01,17:38,89
2020-11-01,17:39,89
2020-11-01,17:40,89
2020-11-01,17:41,89
2020-11-01,17:42,89
2020-11-01,17:43,89
2020-11-01,17:44,89
2020-11-01,17:45,89
2020-11-01,17:46,89
2020-11-01,17:47,89
2020-11-01,17:48,89
2020-11-01,17:49,89
2020-11-01,17:50,89
2020-11-01,17:51,89
2020-11-01,17:52,89
2020-11-01,17:53,89
2020-11-01,17:54,89
2020-11-01,17:55,89
2020-11-01,17:56,89
2020-11-01,17:57,89
2020-11-01,17:58,89
2020-11-01,17:59,89
2020-11-01,18:00,89
2020-11-01,18:01,89
2020-11-01,18:02,89
2020-11-01,18:03,89
2020-11-07,12:15,90
2020-11-07,12:16,90
2020-11-07,12:17,90
2020-11-07,12:18,90
2020-11-07,12:19,90
2020-11-07,12:20,90
2020-11-07,12:21,90
2020-11-07,12:22,90
2020-11-07,12:23,90
2020-11-07,12:24,90
2020-11-07,12:25,90
2020-11-07,12:26,90
2020-11-07,12:27,90
2020-11-07,12:28,90
2020-11-07,12:29,90
2020-11-07,12:30,90
2020-11-07,12:31,90
2020-11-07,12:32,90
2020-11-07,12:33,90
2020-11-07,12:34,90
2020-11-07,12:35,90
2020-11-07,12:36,90
2020-11-07,12:37,90
2020-11-07,12:38,90
2020-11-07,12:39,90
2020-11-07,12:40,90
2020-11-07,12:41,90
2020-11-07,12:42,90
2020-11-07,12:43,90
2020-11-07,12:44,90
2020-11-07,12:45,90
2020-11-07,12:46,90
2020-11-07,12:47,90
2020-11-07,12:48,90
2020-11-07,12:49,90
2020-11-07,12:50,90
2020-11-07,12:51,90
2020-11-07,12:52,90
2020-11-07,12:53,90
2020-11-07,12:54,90
2020-11-07,12:55,90
2020-11-07,12:56,90
2020-11-07,12:57,90
2020-11-07,12:58,90
2020-11-07,12:59,90
2020-11-07,13:00,90
2020-11-07,13:01,90
2020-11-07,13:02,90
2020-11-07,13:03,90
2020-11-07,13:04,90
2020-11-07,13:05,90
2020-11-07,13:06,90
2020-11-07,13:07,90
2020-11-07,13:08,90
2020-11-07,13:09,90
2020-11-07,13:10,90
2020-11-07,13:11,90
2020-11-07,13:12,90
2020-11-07,13:13,90
2020-11-07,13:14,90
2020-11-07,13:15,90
2020-11-07,13:16,90
2020-11-07,13:17,90
2020-11-07,13:18,90
2020-11-07,13:19,90
2020-11-07,13:20,90
2020-11-07,13:21,90
2020-11-07,13:22,90
2020-11-07,13:23,90
2020-11-07,13:24,90
2020-11-07,13:25,90
2020-11-07,13:26,90
2020-11-07,13:27,90
2020-11-07,13:28,90
2020-11-07,13:29,90
2020-11-07,13:30,90
2020-11-07,13:31,90
2020-11-07,13:32,90
2020-11-07,13:33,90
2020-11-07,13:34,90
2020-11-07,13:35,90
2020-11-07,13:36,90
2020-11-07,13:37,90
2020-11-07,13:38,90
2020-11-07,13:39,90
2020-11-07,13:40,90
2020-11-07,13:41,90
2020-11-07,13:42,90
2020-11-07,13:43,90
2020-11-07,13:44,90
2020-11-07,13:45,90
2020-11-07,13:46,90
2020-11-07,13:47,90
2020-11-07,13:48,90
2020-11-07,13:49,90
2020-11-07,13:50,90
2020-11-07,13:51,90
2020-11-07,13:52,90
2020-11-07,13:53,90
2020-11-07,13:54,90
2020-11-07,13:55,90
2020-11-07,13:56,90
2020-11-07,13:57,90
2020-11-07,13:58,90
2020-11-07,13:59,90
2020-11-07,14:00,90
2020-11-07,14:01,90
2020-11-07,14:02,90
2020-11-07,14:03,90
2020-11-07,14:04,90
2020-11-07,14:05,90
2020-11-07,14:06,90
2020-11-07,14:07,90
2020-11-07,14:08,90
2020-11-07,14:09,90
2020-11-07,14:10,90
2020-11-07,14:11,90
2020-11-07,14:12,90
2020-11-15,13:16,110
2020-11-15,13:17,110
2020-11-15,13:18,110
2020-11-15,13:19,110
2020-11-15,13:20,110
2020-11-15,13:21,110
2020-11-15,13:22,110
2020-11-15,13:23,110
2020-11-15,13:24,110
2020-11-15,13:25,110
2020-11-15,13:26,110
2020-11-15,13:27,110
2020-11-15,13:28,110
2020-11-15,13:29,110
2020-11-15,13:30,110
2020-11-15,13:31,110
2020-11-15,13:32,110
2020-11-15,13:33,110
2020-11-15,13:34,110
2020-11-15,13:35,110
2020-11-15,13:36,110
2020-11-15,13:37,110
2020-11-15,13:38,110
2020-11-15,13:39,110
2020-11-15,13:40,110
2020-11-15,13:41,110
2020-11-15,13:42,110
2020-11-15,13:43,110
2020-11-15,13:44,110
2020-11-15,13:45,110
2020-11-15,13:46,110
2020-11-15,13:47,110
2020-11-15,13:48,110
2020-11-15,13:49,110
2020-11-15,13:50,110
2020-11-15,13:51,110
2020-11-15,13:52,110
2020-11-15,13:53,110
2020-11-15,13:54,110
2020-11-15,13:55,110
2020-11-15,13:56,110
2020-11-15,13:57,110
2020-11-15,13:58,110
2020-11-15,13:59,110
2020-11-15,14:00,110
2020-11-15,14:01,110
2020-11-15,14:02,110
2020-11-15,14:03,110
2020-11-15,14:04,110
2020-11-15,14:05,110
2020-11-15,14:06,110
2020-11-15,14:07,110
2020-11-15,14:08,110
2020-11-15,14:09,110
2020-11-15,14:10,110
2020-11-28,18:06,44
2020-11-28,18:07,44
2020-11-28,18:08,44
2020-11-28,18:09,44
2020-11-28,18:10,44
2020-11-28,18:11,44
2020-11-28,18:12,44
2020-11-28,18:13,44
2020-11-28,18:14,44
2020-11-28,18:15,44
2020-11-28,18:16,44
2020-11-28,18:17,44
2020-11-28,18:18,44
2020-11-28,18:19,44
2020-11-28,18:20,44
2020-11-28,18:21,44
2020-11-28,18:22,44
2020-11-28,18:23,44
2020-11-28,18:24,44
2020-11-28,18:25,44
2020-11-28,18:26,44
2020-11-28,18:27,44
2020-11-28,18:28,44
2020-11-28,18:29,44
2020-11-28,18:30,44
2020-11-28,18:31,44
2020-11-28,18:32,44
2020-11-28,18:33,44
2020-11-28,18:34,44
2020-11-28,18:35,44
2020-11-28,18:36,44
2020-11-28,18:37,44
2020-11-28,18:38,44
2020-11-28,18:39,44
2020-11-28,18:40,44
2020-11-28,18:41,44
2020-11-28,18:42,44
2020-11-28,18:43,44
2020-11-28,18:44,44
2020-11-28,18:45,44
2020-11-28,18:46,44
2020-12-10,08:01,63
2020-12-11,13:29,106
2020-12-11,13:30,115
2020-12-11,13:31,99
2020-12-11,13:32,88
2020-12-11,13:33,94
2020-12-11,13:34,117
2020-12-11,13:35,117
2020-12-11,13:36,115
2020-12-11,13:37,112
2020-12-11,13:38,114
2020-12-11,13:39,114
2020-12-11,13:40,112
2020-12-11,13:41,118
2020-12-11,13:42,118
2020-12-11,13:43,119
2020-12-11,13:44,119
2020-12-11,13:45,120
2020-12-11,13:46,114
2020-12-11,13:47,110
2020-12-11,13:48,114
2020-12-11,13:49,116
2020-12-11,13:50,114
2020-12-11,13:51,108
2020-12-11,13:52,106
2020-12-11,13:53,94
2020-12-11,13:54,99
2020-12-11,13:55,107
2020-12-11,13:56,105
2020-12-11,13:57,102
2020-12-11,13:58,104
2020-12-11,13:59,106
2020-12-11,14:00,112
2020-12-11,14:01,120
2020-12-11,14:02,115
2020-12-11,14:03,99
2020-12-11,14:04,93
2020-12-11,14:05,87
2020-12-11,18:10,80
2020-12-11,18:11,113
2020-12-11,18:12,111
2020-12-11,18:13,118
2020-12-11,18:14,116
2020-12-11,18:15,111
2020-12-11,18:16,102
2020-12-11,18:17,98
2020-12-11,18:18,99
2020-12-11,18:19,102
2020-12-11,18:20,92
2020-12-11,18:21,112
2020-12-11,18:22,98
2020-12-11,18:23,90
2020-12-11,18:24,87
2020-12-11,18:25,99
2020-12-11,18:26,98
2020-12-11,18:27,90
2020-12-11,18:28,86
2020-12-11,18:29,86
2020-12-11,18:30,96
2020-12-11,18:31,95
2020-12-11,18:32,94
2020-12-11,18:33,96
2020-12-11,18:34,91
2020-12-11,18:35,97
2020-12-11,18:36,86
2020-12-11,18:37,99
2020-12-11,18:38,115
2020-12-11,18:39,114
2020-12-11,18:40,107
2020-12-11,18:41,107
2020-12-11,18:42,109
2020-12-11,18:43,112
2020-12-11,18:44,109
2020-12-11,18:45,122
2020-12-11,18:46,123
2020-12-11,18:47,118
2020-12-11,18:48,122
2020-12-11,18:49,117
2020-12-11,18:50,115
2020-12-11,18:51,102
2020-12-11,18:52,103
2020-12-11,18:53,103
2020-12-11,18:54,107
2020-12-11,18:55,103
2020-12-11,18:56,104
2020-12-11,18:57,98
2020-12-11,18:58,104
2020-12-11,18:59,110
2020-12-11,19:00,114
2020-12-11,19:01,125
2020-12-11,19:02,125
2020-12-11,19:03,101
2020-12-11,19:04,103
2020-12-11,19:05,104
2020-12-11,19:06,103
2020-12-11,19:07,101
2020-12-11,19:08,103
2020-12-11,19:09,103
2020-12-12,14:18,104
2020-12-12,14:19,93
2020-12-12,14:20,117
2020-12-12,14:21,116
2020-12-12,14:22,112
2020-12-12,14:23,112
2020-12-12,14:24,103
2020-12-12,14:25,99
2020-12-12,14:26,84
2020-12-12,14:27,83
2020-12-12,14:28,91
2020-12-12,14:29,108
2020-12-12,14:30,109
2020-12-12,14:31,121
2020-12-12,14:32,105
2020-12-12,14:33,103
2020-12-12,14:34,101
2020-12-12,14:35,100
2020-12-12,14:36,106
2020-12-12,14:37,107
2020-12-12,14:38,97
2020-12-12,14:39,106
2020-12-12,14:40,108
2020-12-12,14:41,106
2020-12-12,14:42,102
2020-12-12,14:43,99
2020-12-12,14:44,97
2020-12-12,14:45,88
2020-12-12,14:46,92
2020-12-12,14:47,102
2020-12-12,14:48,96
2020-12-13,17:19,76
2020-12-13,17:20,84
2020-12-13,17:21,134
2020-12-13,17:22,143
2020-12-13,17:23,135
2020-12-13,17:24,121
2020-12-13,17:25,112
2020-12-13,17:26,127
2020-12-13,17:27,123
2020-12-13,17:28,114
2020-12-13,17:29,108
2020-12-13,17:30,110
2020-12-13,17:31,110
2020-12-13,17:32,109
2020-12-13,17:33,103
2020-12-13,17:34,103
2020-12-13,17:35,103
2020-12-13,17:36,106
2020-12-13,17:37,108
2020-12-13,17:38,105
2020-12-13,17:39,102
2020-12-13,17:40,92
2020-12-13,17:41,98
2020-12-13,17:42,98
2020-12-13,17:43,98
2020-12-13,17:44,85
2020-12-13,17:45,92
2020-12-13,17:46,102
2020-12-13,17:47,107
2020-12-13,17:48,106
2020-12-13,17:49,103
2020-12-13,17:50,102
2020-12-13,17:51,102
2020-12-13,17:52,108
2020-12-13,17:53,101
2020-12-13,17:54,99
2020-12-13,17:55,117
2020-12-13,17:56,122
2020-12-13,17:57,124
2020-12-13,17:58,122
2020-12-13,17:59,119
2020-12-13,18:00,118
2020-12-13,18:01,116
2020-12-13,18:02,106
2020-12-13,18:03,94
2020-12-13,18:04,90
2020-12-13,18:05,86
2020-12-13,18:06,92
2020-12-13,18:07,97
2020-12-13,18:08,101
2020-12-13,18:09,111
2020-12-13,18:10,102
2020-12-13,18:11,104
2020-12-13,18:12,101
2020-12-13,18:13,96
2020-12-13,18:14,96
2020-12-13,18:15,88
2020-12-13,18:16,90
2020-12-13,18:17,94
2020-12-13,18:18,94
2020-12-23,13:04,75
2020-12-23,13:05,126
2020-12-23,13:06,139
2020-12-23,13:07,130
2020-12-23,13:08,120
2020-12-23,13:09,115
2020-12-23,13:10,113
2020-12-23,13:11,106
2020-12-23,13:12,104
2020-12-23,13:13,105
2020-12-23,13:14,102
2020-12-23,13:15,106
2020-12-23,13:16,104
2020-12-23,13:17,103
2020-12-23,13:18,105
2020-12-23,13:19,97
2020-12-23,13:20,95
2020-12-23,13:21,91
2020-12-23,13:22,94
2020-12-23,13:23,78
2020-12-23,13:24,81
2020-12-23,13:25,84
2020-12-23,13:26,89
2020-12-23,13:27,94
2020-12-23,13:28,104
2020-12-23,13:29,108
2020-12-23,13:30,99
2020-12-23,13:31,96
2020-12-23,13:32,95
2020-12-23,13:33,96
2020-12-23,13:34,105
2020-12-23,13:35,108
2020-12-23,13:36,105
2020-12-23,13:37,103
2020-12-23,13:38,104
2020-12-23,13:39,100
2020-12-23,13:40,113
2020-12-23,13:41,111
2020-12-23,13:42,101
2020-12-23,13:43,101
2020-12-23,13:44,102
2020-12-23,13:45,103
2020-12-23,13:46,110
2020-12-23,13:47,111
2020-12-23,13:48,113
2020-12-23,13:49,100
2020-12-23,13:50,104
2020-12-23,13:51,107
2020-12-23,13:52,111
2020-12-23,13:53,114
2020-12-23,13:54,110
2020-12-25,19:39,70
2020-12-25,19:40,112
2020-12-25,19:41,133
2020-12-25,19:42,127
2020-12-25,19:43,128
2020-12-25,19:44,132
2020-12-25,19:45,131
2020-12-25,19:46,130
2020-12-25,19:47,116
2020-12-25,19:48,114
2020-12-25,19:49,73
2020-12-25,19:50,66
2020-12-25,19:51,91
2020-12-25,19:52,94
2020-12-25,19:53,96
2020-12-25,19:54,102
2020-12-25,19:55,105
2020-12-25,19:56,102
2020-12-25,19:57,93
2020-12-25,19:58,89
2020-12-25,19:59,92
2020-12-25,20:00,92
2020-12-25,20:01,91
2020-12-25,20:02,85
2020-12-25,20:03,87
2020-12-25,20:04,86
2020-12-25,20:05,95
2020-12-25,20:06,98
2020-12-25,20:07,81
2020-12-25,20:08,89
2020-12-25,20:09,88
2020-12-25,20:10,90
2020-12-25,20:11,99
2020-12-25,20:12,102
2020-12-25,20:13,99
2020-12-25,20:14,100
2020-12-25,20:15,97
2020-12-25,20:16,97
2020-12-25,20:17,98
2020-12-25,20:18,91
2020-12-25,20:19,105
2020-12-25,20:20,103
2020-12-25,20:21,104
2020-12-25,20:22,106
2020-12-25,20:23,97
2020-12-25,20:24,109
2020-12-25,20:25,111
2020-12-25,20:26,101
2020-12-25,20:27,103
2020-12-25,20:28,102
2020-12-25,20:29,91
2020-12-25,20:30,87
2020-12-25,20:31,89
2020-12-25,20:32,87
2020-12-25,20:33,93
2020-12-25,20:34,92
2020-12-25,20:35,92
2020-12-25,20:36,92
2020-12-25,20:37,93
2020-12-25,20:38,103
2020-12-25,20:39,100
2020-12-25,20:40,100
2020-12-25,20:41,100
2020-12-25,20:42,100
2020-12-25,20:43,100
2020-12-25,20:44,100
2020-12-25,20:45,100
2020-12-25,20:46,101
2020-12-25,20:47,100
2020-12-25,20:48,100
2020-12-25,20:49,100
2020-12-25,20:50,100
2020-12-25,20:52,100
2020-12-25,20:53,100
2020-12-25,20:54,100
2020-12-25,20:55,99
2020-12-25,20:56,97
2020-12-25,20:57,99
2020-12-25,20:58,100
2020-12-25,20:59,101
2020-12-25,21:00,101
2020-12-25,21:01,102
2020-12-25,21:02,100
2020-12-25,21:03,99
2020-12-25,21:04,99
2020-12-25,21:05,99
2020-12-25,21:06,99
2020-12-25,21:07,99
2020-12-25,21:08,99
2020-12-25,21:09,102
2020-12-25,21:10,102
2020-12-25,21:14,106
2020-12-25,21:15,108
2020-12-25,21:16,108
2020-12-25,21:17,107
2020-12-25,21:18,105
2020-12-25,21:20,104
2020-12-25,21:21,104
2020-12-25,21:22,102
2020-12-25,21:23,102
2020-12-25,21:24,100
2020-12-25,21:26,97
2020-12-25,21:27,97
2020-12-25,21:28,98
2020-12-25,21:29,98
2020-12-25,21:30,98
2020-12-25,21:31,98
2020-12-25,21:32,97
2020-12-25,21:33,95
2020-12-25,21:34,95
2020-12-25,21:35,95
2020-12-27,17:33,70
2020-12-27,17:34,73
2020-12-27,17:35,74
2020-12-27,17:36,75
2020-12-27,17:37,121
2020-12-27,17:38,128
2020-12-27,17:39,127
2020-12-27,17:40,126
2020-12-27,17:41,121
2020-12-27,17:42,111
2020-12-27,17:43,106
2020-12-27,17:44,108
2020-12-27,17:45,99
2020-12-27,17:46,100
2020-12-27,17:47,108
2020-12-27,17:48,107
2020-12-27,17:49,113
2020-12-27,17:50,111
2020-12-27,17:51,110
2020-12-27,17:52,115
2020-12-27,17:53,111
2020-12-27,17:54,104
2020-12-27,17:55,98
2020-12-27,17:56,86
2020-12-27,17:57,106
2020-12-27,17:58,99
2020-12-27,17:59,97
2020-12-27,18:00,103
2020-12-27,18:01,100
2020-12-27,18:02,93
2020-12-27,18:03,99
2020-12-27,18:04,104
2020-12-27,18:05,102
2020-12-27,18:06,99
2020-12-27,18:07,101
2020-12-27,18:08,98
2020-12-27,18:09,99
2020-12-27,18:10,98
2020-12-27,18:11,95
2020-12-27,18:12,100
2020-12-27,18:13,104
2020-12-27,18:14,94
2020-12-27,18:15,95
2020-12-27,18:16,107
2020-12-27,18:17,105
2020-12-27,18:18,104
2020-12-27,18:19,95
2020-12-27,18:20,100
2020-12-27,18:21,104
2020-12-27,18:22,115
2020-12-27,18:23,114
2020-12-27,18:24,116
2020-12-27,18:25,116
2020-12-27,18:26,115
2020-12-27,18:27,112
2020-12-27,18:28,111
2020-12-27,18:29,105
2020-12-27,18:30,108
2020-12-27,18:31,105
2020-12-27,18:32,112
2020-12-27,18:33,111
2020-12-27,18:34,115
2020-12-27,18:35,119
2020-12-27,18:36,112
2020-12-27,18:37,107
2020-12-27,18:38,103
2020-12-27,18:39,105
2020-12-27,18:40,110
2020-12-27,18:41,111
2020-12-27,18:42,103
2020-12-27,18:43,99
2020-12-27,18:44,101
2020-12-27,18:45,96
2020-12-27,18:46,106
2020-12-27,18:47,112
2020-12-30,14:42,48
2020-12-31,13:52,68
2021-01-04,10:08,64
2021-01-04,14:02,119
2021-01-04,14:03,119
2021-01-04,14:04,119
2021-01-04,14:05,119
2021-01-04,14:06,119
2021-01-04,14:07,119
2021-01-04,14:08,119
2021-01-04,14:09,119
2021-01-04,14:10,119
2021-01-04,14:11,119
2021-01-04,14:12,119
2021-01-04,14:13,119
2021-01-04,14:14,119
2021-01-04,14:15,119
2021-01-04,14:16,119
2021-01-04,14:17,119
2021-01-04,14:18,119
2021-01-04,14:19,119
2021-01-04,14:20,119
2021-01-04,14:21,119
2021-01-04,14:22,119
2021-01-04,14:23,119
2021-01-04,14:24,119
2021-01-04,14:25,119
2021-01-04,14:26,119
2021-01-04,14:27,119
2021-01-04,14:28,119
2021-01-04,14:29,119
2021-01-04,14:30,119
2021-01-04,14:31,119
2021-01-04,14:32,119
2021-01-04,14:33,119
2021-01-04,14:34,119
2021-01-04,14:35,119
2021-01-04,14:36,119
2021-01-04,14:37,119
2021-01-04,14:38,119
2021-01-04,14:39,119
2021-01-04,14:40,119
2021-01-04,14:41,119
2021-01-04,14:42,119
2021-01-04,14:43,119
2021-01-04,14:44,119
2021-01-04,14:45,119
2021-01-04,14:46,119
2021-01-04,14:47,119
2021-01-04,14:48,119
2021-01-04,14:49,119
2021-01-04,14:50,119
2021-01-04,14:51,119
2021-01-04,14:52,119
2021-01-04,14:53,119
2021-01-04,14:54,119
2021-01-04,14:55,119
2021-01-04,14:56,119
2021-01-04,14:57,119
2021-01-04,14:58,119
2021-01-04,14:59,119
2021-01-04,15:00,119
2021-01-04,15:01,119
2021-01-04,15:02,119
2021-01-04,15:03,119
2021-01-04,15:04,119
2021-01-04,15:05,119
2021-01-04,15:06,119
2021-01-04,15:07,119
2021-01-04,15:08,119
2021-01-04,15:09,119
2021-01-04,15:10,119
2021-01-04,15:11,119
2021-01-04,15:12,119
